{
  "news": [
    {
      "title": "Company Achieves ISO 27001 Certification",
      "date": "2025-08-28",
      "content": "We are proud to announce that our company is now ISO 27001 certified."
    },
    {
      "title": "Employee of the Month - September",
      "date": "2025-09-01",
      "content": "Congratulations to Jane Doe for her outstanding performance!"
    }
    ,{
      "title": "Intranet of they year",
      "date": "2025-09-08",
      "content": "Congratulations to Jane Doe for her outstanding performance!"
    }
  ]
}
